<?xml version="1.0" ?>
<LOG_ROOT>
	<PROJECT NAME="MIPS">
		<CBX_INST_ENTRY INSTANCE_NAME="|mips_mono|data_memory:DataMemory|ram:MemoriaRAM|altsyncram:altsyncram_component" CBX_FILE_NAME="altsyncram_mje1.tdf"/>
		<CBX_INST_ENTRY INSTANCE_NAME="|mips_mono|instruction_memory:InstructionMemory|lpm_add_sub0:inst|lpm_add_sub:lpm_add_sub_component" CBX_FILE_NAME="add_sub_eqh.tdf"/>
		<CBX_INST_ENTRY INSTANCE_NAME="|mips_mono|instruction_memory:InstructionMemory|rom:MemoriaRom|altsyncram:altsyncram_component" CBX_FILE_NAME="altsyncram_3k91.tdf"/>
		<CBX_INST_ENTRY INSTANCE_NAME="|mips_mono|bank_reg_32x32bit:BancoRegistradores|reg_pp_32bit_null:nulo|lpm_constant:129" CBX_FILE_NAME="lpm_constant_0j4.tdf"/>
		<CBX_INST_ENTRY INSTANCE_NAME="|mips_mono|data_memory:DataMemory|lpm_add_sub1:inst|lpm_add_sub:lpm_add_sub_component" CBX_FILE_NAME="add_sub_eqh.tdf"/>
		<CBX_INST_ENTRY INSTANCE_NAME="|mips_mono|lpm_constant:48" CBX_FILE_NAME="lpm_constant_5j4.tdf"/>
		<CBX_INST_ENTRY INSTANCE_NAME="|mips_mono|program_counter:ProgramCounter|LPM_DFF:133|lpm_constant:ac" CBX_FILE_NAME="lpm_constant_4j4.tdf"/>
	</PROJECT>
</LOG_ROOT>
